{"commit":"6896e2bfdb0a2a03f745e4054a8c5fc58565f9f1","pagesAndArtboards":{"48B03301-25B3-4A02-808D-F6623CC8C9FF":{"name":"Page 1","artboards":{}}},"version":123,"fonts":["AvenirNext-Heavy","AvenirNext-HeavyItalic","AvenirNext-DemiBold","AvenirNext-Medium","AvenirNext-Regular"],"compatibilityVersion":99,"app":"com.bohemiancoding.sketch3","autosaved":0,"variant":"NONAPPSTORE","created":{"commit":"6896e2bfdb0a2a03f745e4054a8c5fc58565f9f1","appVersion":"63.1","build":92452,"app":"com.bohemiancoding.sketch3","compatibilityVersion":99,"version":123,"variant":"NONAPPSTORE"},"saveHistory":["NONAPPSTORE.92452"],"appVersion":"63.1","build":92452}